{
    "accuracy": 0.6638133132594902,
    "classification_report": {
        "Annual Pass": {
            "precision": 0.28524970963995355,
            "recall": 0.1801114696391904,
            "f1-score": 0.22080373999820194,
            "support": 6818.0
        },
        "Flex Pass": {
            "precision": 0.1016150740242261,
            "recall": 0.06505816458423093,
            "f1-score": 0.07932755450485947,
            "support": 2321.0
        },
        "Monthly Pass": {
            "precision": 0.7336378690115913,
            "recall": 0.8136509866504547,
            "f1-score": 0.7715756159957723,
            "support": 78954.0
        },
        "One Day Pass": {
            "precision": 0.3267183835468158,
            "recall": 0.20368912383308965,
            "f1-score": 0.25093529167244005,
            "support": 8891.0
        },
        "Testing": {
            "precision": 0.0,
            "recall": 0.0,
            "f1-score": 0.0,
            "support": 16.0
        },
        "Walk-up": {
            "precision": 0.6200192208176241,
            "recall": 0.5922325526656467,
            "f1-score": 0.6058074302361978,
            "support": 42485.0
        },
        "accuracy": 0.6638133132594902,
        "macro avg": {
            "precision": 0.3445400428400351,
            "recall": 0.3091237162287687,
            "f1-score": 0.32140827206791195,
            "support": 139485.0
        },
        "weighted avg": {
            "precision": 0.6405756544548025,
            "recall": 0.6638133132594902,
            "f1-score": 0.6493697149549289,
            "support": 139485.0
        }
    },
    "confusion_matrix": [
        [
            1228,
            92,
            4640,
            132,
            0,
            726
        ],
        [
            57,
            151,
            1707,
            26,
            0,
            380
        ],
        [
            2451,
            961,
            64241,
            1302,
            2,
            9997
        ],
        [
            81,
            20,
            2666,
            1811,
            3,
            4310
        ],
        [
            1,
            0,
            5,
            3,
            0,
            7
        ],
        [
            487,
            262,
            14306,
            2269,
            0,
            25161
        ]
    ]
}